{"cameraMode":{"drawMode":0,"name":"Shaded","section":"Shading Mode"},"sceneLighting":true,"audioPlay":false,"sceneViewState":{"showFog":true,"showMaterialUpdate":false,"showSkybox":true,"showFlares":true,"showImageEffects":true,"showParticleSystems":true},"in2DMode":false,"pivot":{"x":401.3204040527344,"y":276.5558776855469,"z":15.043426513671875},"rotation":{"x":0.11841432005167008,"y":-0.044358037412166598,"z":0.005304157268255949,"w":0.9919783473014832},"size":268.6005554199219,"orthographic":false}