{"cameraMode":{"drawMode":0,"name":"Shaded","section":"Shading Mode"},"sceneLighting":false,"audioPlay":false,"sceneViewState":{"showFog":true,"showMaterialUpdate":false,"showSkybox":false,"showFlares":true,"showImageEffects":true,"showParticleSystems":true},"in2DMode":false,"pivot":{"x":-0.7319999933242798,"y":0.8050000071525574,"z":-1.9809999465942383},"rotation":{"x":0.1195109561085701,"y":0.23475712537765504,"z":-0.029087958857417108,"w":0.9642588496208191},"size":0.5715768337249756,"orthographic":false}